Company Name,Email
Interview Cake,yourfriends@interviewcake.com
Applied Computing Foundation,contact@applied-computing.org
1984 Ventures,team@1984.vc
Filecoin Foundation,security@filecoin.org
Interview Buddy,info@myinterviewbuddy.com
Cockroach Labs,CockroachLabs@carahsoft.com
Powerfan.io,albert@powerfan.io
Alchemy,cs@alchemyfoodtech.com
Twilio,help@twilio.com
Veeva Systems,ir@veeva.com
Courier,hello@courier.com
Schnedier Electric,customercare.sg@schneider-electric.com
DigitalOcean,contact@digitalocean.com
ETHGlobal,hello@ethglobal.co
IMC Trading,imcinvestments@imc.com
Old Mission,info@oldmissionbank.com 
AdHawk Microsystems,info@adhawkmicrosystems.com
AssemblyAI,support@assemblyai.com
RBC,info@rbcsmart.com
Standout Stickers,info@standoutstickers.com
FasterCapital,contact@fastercapital.com
co:here,press@cohere.ai
Wetech Alliance,info@wetech-alliance.com
SideFX,support@sidefx.com
Force Community,ipfsforce@gmail.com
Think Board,hello@think-board.com
Unique Network,hello@unique.network
BMO,team@bmo.com.au
Scotiabank,scotia.economics@scotiabank.com
Geotab,marias@geotab.com
Mappedin,contact@mappedin.com
Coinberry,support@coinberry.com
Sortable,Team@Sortable.com
NASA,info-center@hq.nasa.gov
Wix,pr@wix.com
JetBrains,marketing@jetbrains.com
Direktiv,info@direktiv.io
Desmos,info@desmos.com
Construct,hello@construct.net
GitHub,support@github.com
TensorDock,support@tensordock.com
Chainlink,support@chain.link
Microsoft,mdcc@microsoft.com
Figma,support@figma.com
EconHacks,info@econhacks.org
Miami-Dade,dpnz@miamidade.gov
PagerDuty,support@pagerduty.com
CSE,contact@cse-global.com
Nokia,press.services@nokia.com
Jsquare,enquiry@jsquare.com.sg
Amazon,primary@amazon.com
Covalent,info@covacap.com
Axure,contactus@axure.com
Magoosh,help@magoosh.com
StreamYard,contact@streamyard.com
Abzooba,contact@abzooba.com
Experion Technologies,cs@experian.com
Crust,hello@crust-group.com
Bugsee,support@bugsee.com
CryptoChicks,stayintouch@cryptochicks.ca
Mercury,info@mercuryfund.com
General Catalyst,press@generalcatalyst.com
Polygon,singapore@polyongroup.com
Juniper Networks,billburtis@juniper.net
Cheres,enquiry@chere.com.sg
Codédex,sonny@codedex.io
HUMAN Protocol Foundation,admin@hmt.ai
Arcana,askme@arcana.sg
Swirlds Labs,partners@swirlds.com
Komet,info@kometusa.com
Near Foundation,hello@near.foundation
Nervos Network,bd@nervos.org
Auth0,info@auth0.com
Lead Learners,galicia@leadlearners.ca
Alan AI,hello@alan.app
Cohere,team@cohere.com
UiPath,office@uipathfoundation.com
Maplesoft,sales@ases.co
BisectHosting,contact@bisecthosting.com
Magnet Forensics,sales@magnetforensics.com
Happy Math Education,xudiwaterloo@gmail.com
Brave,bizdev@brave.com
Coil,support@coil.com
Inksmith,sales@inksmith.ca
Devfolio,hello@devfolio.co
Foss United,foundation@fossunited.org
Stand Out Stickers,info@standoutstickers.com
Postman,donotreply@mail.postman.gov.sg
Living Carbon,hello@livingcarbon.com
Certopus,support@certopus.com
Art of Problem Solving,schools@aops.com
Notion,team@makenotion.com
Programiz,app@programiz.com
Codewars,rivacy@qualified.io
Lichess,contact@lichess.org
Filebase,hello@filebase.com
Agoric,info@agoric.com
InspiritAI,contact@inspiritai.com
Overleaf,support@overleaf.com
anetaBTC,info@anetabtc.io
Stevens Capital Management,recruiting@scm-lp.com
KW Escape,info@kwescape.ca
Scale,sales@scales.com
Ethereum Foundation,press@ethereum.org
Current,support@current.com
Coinbase,contact@coinbase.com
Devpost,hackathons@devpost.com
Twosigma,questions@twosigma.com
AECOM,aecomlink@aecom.com
Toyota,CR@inchcape.com.sg
Framer,support@framer.com
Clerky,support@clerky.com
ABAITC,hanjun_wang@hotmail.com
Obsidian MD,support@obsidian.net
Protonmail,support@protonmail.zendesk.com
TickTick,support@ticktick.com
Reach for the Top,mail@reachforthetop.com
Wealthsimple Foundation,info@wealthsimplefoundation.com
Cluborate,info@cluborate.org
EVE online,support@eveonline.com
EveBattery,sales@evebattery.com
Eve Wellness,info@evewellnessco.com
Yoon Young-mi (Eve KDrama writer),yoon9227@korea.com
Eve Jeffers,hello@massivemgt.com
Eve Financial,Support@evefinancial.com
O'Reilly Media,information@oreilly.co.uk
Centered,info@centered.app
Bitcoin Bay,info@bitcoinbay.ca
Goliath Automation Robotics,support@automationroboticsarduino.com
Neo4j,support@neo4j.com
Wolfram,info@wolfram.com
StickerGiant,support@stickergiant.com
RemNote,support@remnote.com
PropelAuth,support@propelauth.com
CoinEx,support@coinex.com
ViaBTC Capital,official@capital.viabtc.cn
Icon,info@iconbuild.com
Facebook,"support@fb.com,press@fb.com"
Lunchclub,support@lunchclub.ai
Code Wizards Ltd,hello@codewizards.co.uk
The Chartered Institute for IT-london,bcs_london@bcs.uk
The Chartered Institute for IT-sri lanka,customerserviceslk@bcs.uk
Slack,feedback@slack.com
KTBYTE,info@staff.ktbyte.com
Domain.com,support@domain-inc.net
Digi-Key Electronics,singapore.support@digikey.com
MathWorks,singapore@techsource-asia.com
DeSo,support@deso.cz
GeeksforGeeks,support@geeksforgeeks.org
Nhost,hello@nhost.io
Polygon Technology,sales@polygon.io 
Atsign,info@atsign.com
Ethereum ,press@ethereum.org
Lock&Stock,team@lockandstock.app
World Science Festival,info@worldsciencefestival.com
Galois,contact@galois.com
Serokell,hi@serokell.io
Code Ninjas,floralparkny@codeninjas.com
Maxar,info@maxar.com
YieldStreet,support@yieldstreet.com
SPS Commerce,support@spscommerce.com
Hudson River Trading,sponsorships@hudson-trading.com
Faire,external-requests@faire.com
Google,support-in@google.com
Cisco Meraki,support@meraki.com
Toyota Motor Manufacturing Canada,external.affairs@toyota.com
Cloudflare,legal@cloudflare.com
Uplift Inc.,bizdev@uplift.com
Leading Learners,director@leading-learners.com
University of Waterloo-science,science.advisor@uwaterloo.ca
University of waterloo-undergraduate com sci,future-ugrad@cs.uwaterloo.ca
the University of Toronto,dcsoffice@cs.toronto.edu
uAlberta,csinfo@ualberta.ca
UBC,help@cs.ubc.ca
Ctrl V,contact@ctrlv.ca
SnapPea Design,hello@snappeadesign.com
HyperX,customerservice@hyperx.eu
OnlyOffice,support@onlyoffice.com
Jane Street,sponsorship-inquiries@janestreet.com
RStudio,sales@r-tt.com
Convictional,support@convictional.com
EOS Nation,info@eosnation.io
Tangam Gaming Inc.,info@tangamgaming.com
Vidyard,sales@vidyard.com
Binary Tattoo, info@binarytattoo.com
Thinkland.ai,wen@thinkland.ai
The Keyboard Company,sales@keyboardco.com
Stellar,support@stellar.aero
Worldlink,support@worldlink.com.np
Magic Leap,legal@magicleap.com
LulzBot,Info@LulzBot.com
Wayfair,service@wayfair.com
CMS,cmstech@cmstech.sg
Effect Network,hello@effect.ai
Ocean Protocol,gdpr@oceanprotocol.com
Human Capital,support@hci.org
Dorm Room Fund,info@dormroomfund.com
Airbnb,support@airbnb.com
Product Hunt,hello@producthunt.com
Texas Instruments,educator-support@list.ti.com
Ardent Labs,learn@ardentlbs.io
Hack Club Bank,team@hackclub.com
No Starch Press,info@nostarch.com
Stevens Capital Management LP,recruiting@scm-lp.com
Goldman Sachs,careersfeedback@ny.email.gs.com
AutoCode,support@autocode.com
Remo, legal@remo.co
Ontario Teachers' Pension Plan	,inquiry@otpp.com
Voiceflow,contact@voiceflow.com
Otto Motors,info@ottomotors.com
CubeDesk,kash@cubedesk.io
Connection,customerservice@connection.com
FGF Brands,info@fgfbrands.com
Rogers Sports & Media,media@rci.rogers.com
Indico,indico-support@cern.ch
StudyPool,contact@studypool.com
We Tech Alliance,info@wetech-alliance.com
Distributed Compute Labs,dcj@distributed.computer
Ontario Centre of Innovation,apereira@oc-innovation.ca
Thunkable,hello@thunkable.com
Linode,sales@linode.com
Carvana,investors@carvana.com
TD,help@tdameritrade.com.sg
SLINGSHOT,support@slingshot.finance
imagi,support@imagilabs.com
Muse,care.coaching@themuse.com
Prodia,info@prodia.co.id
The World Bank,onlineresources@worldbank.org
Alan,support@alan.app
AngelSwing,info@angelswing.io
Toronto Tees,sales@torontotees.com
T-Shirt Guys,info@thetshirtguys.com
Rush Order Tees,sales@rushordertees.com
Zazzle,social@zazzle.com.
Ottawa Custom Clothing,info@ottawacustomclothing.com
Donkey Tees,info@Donkeytees.com
Fresh Prints Halifax,fresh@freshprintshalifax.com
Iron Mountain,sales.enquiry@ironmountain.com
Citadel,sp_ccrelations.Account@citadel.com
Gatherly,contact@gatherly.io
Deepnote,help@deepnote.com
roverRobotix,info@roverrobotics.com
KuCoin,support@kucoin.com
Animica Brands,press@animocabrands.com
Ethereal Ventures,hello@ethereal.xyz
DoraHacks,hi@dorahacks.com
Shima Capital,contact@shima.capital
Waterdrip Capital,contact@waterdrip.io
Trimble,pr@trimble.com
CloudSEK,info@cloudsek.com
Balsamiq,support@balsamiq.com
BlueLearn,team@clinify.in
CPP Investments,contact@cppib.com
Staples,support@orders.staples.com
Celonis,academy@celonis.com
MaXentrix Technoloies,info@maxentric.com
Printful,support@printful.com
Accelerator Centre,info@acceleratorcentre.com
Teenager Startups,partnerships@teenagerstartups.com
Grammarly,partners@grammarly.com
Instacart,help@instacart.com
Ie University,university@ie.edu
Embark Trucks,hello@embarktrucks.com
Sun Life,possibilities.sg@sunlife.com
Dropbase,hello@dropbase.io
Warp,hello@warp.dev
Meta,support@fb.com
Loblaw Companies Limited,pr@loblaw.ca
Hypertrack,help@hypertrack.com
Vena,enquiries@venaenergy.com
Ontario Teachers Pension Plan,inquiry@otpp.com
Jump Trading,info@jumptrading.com
ApplyBoard,help@applyboard.com
Sustainable Waterloo Region,info@sustainablewr.ca
OpenText,partners@opentext.com
Lighthouse,lighthouse@lighthouse.edu.sg
Elastic,info@elastic.co
Reddit,press@reddit.com
TraCCC,traccc@gmu.edu
National Crime Prevention Council,enquiries@ncpc.org.sg
Center for Data Innovation,info@datainnovation.org
Criminal Invesitgations and Network Analysis,tmason11@gmu.edu
US Chamber of Commerce,smallbusiness@uschamber.com
ICAIE,icaie_conf@163.com
USCIB,news@uscib.com
Center for Anti-Counterfeiting and Product Protection,acapp@msu.edu
Calgary Economic Development,jatay@calgaryeconomicdevelopment.com
Turqoise Health,info@turquoise.health
Mathematica,info@mathematica-mpr.com
Orchid,contact@orchid.com
Thimble.io,support@thimble.io
SHETH Foundation,info@shethfoundation.org
Excelsoft,HR@excelindia.com
HRYFINE,lhzl@hdt2010.com
Fundamental Labs,contact@fundamental.com.cn
HashKey Capital,enquiries@hashkey.com
Invisible North,hello@invisiblenorth.com
Interchain Foundation,hello@interchain.io
IOSG Ventures,hello@iosg.vc
Outlier Ventures,contact@outlierventures.io
Nym Technologies SA,contact@nymtech.net
Huobi Global,support@huobigroup.com
JDoodle,hello@jdoodle.com
Deckart Technologies,admin@deckard.com
Sashido,hello@sashido.io
Stream Yard,contact@streamyard.com
CWE,cwe@mitre.org
Agiledrop,hello@agiledrop.com
London Computer Systems,info@lcs.com
Siemens,support@siemens-energy.com
marathon petroleum corporation,Ir@marathonpetroleum.com
Let's Roam,support@letsroam.com
1517 Fund,info@1517fund.com
Jonar,info@jonar.com
Gamanza Group AG,sales@gamanza.com
1337,info@1337.ventures
Blub Blub Inc.,hi@blubblub.org
CREAplus,office@creaplus.com
hoverRobotix,Info@hoverrobotix.com
Arcurve,info.houston@arcurve.com
Village Ice Cream,info@villageicecream.com
UrbanChain,hello@urbanchain.co.uk
nosh,sales@noshkitchen.com.sg
Domo,info.au@domo.com
Senovo,frederick@senovo.vc
3rockAR,helloUSA@3rockar.com
Ruralink Veteran,info@ruralink.org.uk
H2 Green,Sales@H2greensteel.com
Blockchain News,info@blockchain.news
Hanken,info@hanken.fi
Lloyd's,marketing@lloyds.com
Grow and Sell Your Biz,cissyma@growandsellyourbiz.com
BJSS,info@bjss.com
Blackpool Teaching Hospitals NHL Foundation Trust,bfwh.volunteers@nhs.net
FarmBot,contact@farm.bot
Rogue Opera,info@rogueopera.co.uk
McGraw Hill,tim.macdonald@mheducation.com
sighpc,chair@sighpc.org
Texas Advanced Computing Center,info@tacc.utexas.edu
ResMed,investorrelations@resmed.com
Make School,admin@makeschool.org
Axelar Network,info@axelar.network
Arrington Capital,contact@arringtonxrpcapital.com
Mapbox,press@mapbox.com
Impact Hub Houston,connect@impacthub.net
Techyon,contact@techyon.org
Boss Insights,info@bossinsights.com
helcim,help@helcim.com
IBM,infoibm@us.ibm.com
Wilfred Laurier University,digitalexperience@wlu.ca
University of Toronto,partners@mscac.utoronto.ca
Marker.io,info@marker.io
ButterCMS,support@buttercms.com
Iconic,info@theiconic.com.au
StoryBlok,sales@storyblok.com
Vehikl,go@vehikl.com
Appwrite,team@appwrite.io
The Cubicle,support@thecubicle.com
Exceed Robotics,mis@exceedrobotics.com
Kilgore,malmanza@kilgore.edu
recall,sales@recallt3.com
Kickstart Global,info@kickstart.org
The Pi Hut,contact@thepihut.com
XRP Ledger,hello@xrpl-labs.com
NUS Computing,communications@comp.nus.edu.sg
NUS,nus.comms@nus.edu.sg
SMU,enquiry@smu.edu.sg
SUTD,enquiry@sutd.edu.sg
École hôtelière de Lausanne (EHL),asia-pacific@ehl.ch
INSEAD,tanoto.sg@insead.edu
S P Jain School of Global Management,corporaterelations@spjain.org 
DigiPen Institute of Technology,singapore@digipen.edu
Sorbonne-Assas International Law School,buci.chan@u-paris2.fr
Curtin Singapore,info@curtin.edu.sg
James Cook University Singapore,admissions-singapore@jcu.edu.au
Auston Institute of Management,ask@auston.edu.sg
BAC College (Singapore),enquiry@bac.edu.sg
Beacon International College,enquiries@beacon.edu.sg
DIMENSIONS International College,enquiry@dimensions.edu.sg
East Asia Institute of Management (EASB),andy_choo@eaim.edu.sg
ERC Institute,marketing@erci.edu.sg
Informatics Academy,service@informatics.edu.sg
International Management & Sports College,info@imsc.edu.sg
Kaplan Higher Education Academy,enquiry.sg@kaplan.com
London School of Business and Finance,info@LSBF.edu.sg
Management Development Institute of Singapore,mdis@mdis.edu.sg
PSB academy,contactus@psb-academy.edu.sg
Raffles College of Higher Education,Info@Raffles-Education-Network.com
SDH Institute,info@sdh.edu.sg
Singapore Institute of Management,simacademy@sim.edu.sg
TMC Academy,info@tmc.edu.sg
Crimson Education,azfar@crimsoneducation.org
Crimson Education,singapore@crimsoneducation.org
Miracle Learning Centre,miraclelearning@gmail.com
Future academy,info@fa.edu.sg
Zenith Education,hello@LearnAtZenith.com
Math’s vision,enquiries@mathvision.com.sg
Economics cafe,edmundquek@economicscafe.com.sg
Young Scholarz,info@youngscholarz.com
The Learning Lab,enquiry@thelearninglab.com.sg
Math Note,admin@mathnote.sg
EduZ tuition,contact@eduztuition.com
Prep Zone Academy,courses@prep-zone.com
IvyPrep,info@ivyprep.com.sg
A*Star,contact@hq.a-star.edu.sg
Brightsparks,mha_htsc@mha.gov.sg
Capitaland,ask-us@capitaland.com
Sea Limited,partnership@sea.com
Nanyang Polytechnic,contactNYP@nyp.edu.sg
Ngee Ann Polytechnic,asknp@np.edu.sg
Singapore Polytechnic,contactus@sp.edu.sg
Temasek Polytechnic,sii@tp.edu.sg
Charles & Keith,customers@charleskeith.com
Red Hat Singapore,hello-labs-singapore@redhat.com
Cytron,sg.sales@cytron.io
Ashoka,info@ashokaglobal.com.sg
Rakuten,memberservices@rakuten.com
Kaspersky Academy,info@kaspersky.com
startupx,hello@thestartupx.com
Reassemble,hello@reassemble.io
Padang & Co,innovation@padang.co
coding lab,learntocode@codinglab.com.sg
The lab,contact@thelab.sg
CyberYouth Singapore,hello@cyberyouth.sg
better.sg,info@better.sg
Lifelong Learning Institute,info@lli.s